<PAMDataset>
  <PAMRasterBand band="1">
    <Histograms>
      <HistItem>
        <HistMin>232.5075757575758</HistMin>
        <HistMax>298.4924242424242</HistMax>
        <BucketCount>66</BucketCount>
        <IncludeOutOfRange>0</IncludeOutOfRange>
        <Approximate>0</Approximate>
        <HistCounts>2|60|192|471|750|855|898|952|1016|928|763|719|672|721|678|622|596|680|730|842|966|1038|1074|1121|1277|1420|1461|1960|2747|3982|4742|5436|6092|6726|6765|6513|6270|5521|4513|4093|3699|3691|4022|4534|5120|5853|6006|4962|3812|3106|2999|3118|3273|3651|3382|2498|1535|965|432|239|154|95|38|19|6|3</HistCounts>
      </HistItem>
    </Histograms>
    <Metadata>
      <MDI key="STATISTICS_MINIMUM">233</MDI>
      <MDI key="STATISTICS_MAXIMUM">298</MDI>
      <MDI key="STATISTICS_MEAN">270.09150029856</MDI>
      <MDI key="STATISTICS_STDDEV">11.789275617268</MDI>
      <MDI key="STATISTICS_VALID_PERCENT">73.96</MDI>
    </Metadata>
  </PAMRasterBand>
</PAMDataset>
